-- phpMyAdmin SQL Dump
-- version 5.0.2
-- https://www.phpmyadmin.net/
--
-- Host: localhost:3306
-- Generation Time: Feb 02, 2021 at 05:13 PM
-- Server version: 5.7.24
-- PHP Version: 7.2.19

SET SQL_MODE = "NO_AUTO_VALUE_ON_ZERO";
START TRANSACTION;
SET time_zone = "+00:00";


/*!40101 SET @OLD_CHARACTER_SET_CLIENT=@@CHARACTER_SET_CLIENT */;
/*!40101 SET @OLD_CHARACTER_SET_RESULTS=@@CHARACTER_SET_RESULTS */;
/*!40101 SET @OLD_COLLATION_CONNECTION=@@COLLATION_CONNECTION */;
/*!40101 SET NAMES utf8mb4 */;

--
-- Database: `pos_abest`
--
CREATE DATABASE IF NOT EXISTS `pos_abest` DEFAULT CHARACTER SET utf8 COLLATE utf8_general_ci;
USE `pos_abest`;

-- --------------------------------------------------------

--
-- Table structure for table `master_products`
--

CREATE TABLE `master_products` (
  `id` int(100) NOT NULL,
  `id_plu` int(100) NOT NULL,
  `id_sku` int(100) NOT NULL,
  `plu_code_name` varchar(250) NOT NULL,
  `sku_code_name` varchar(250) NOT NULL,
  `price` varchar(250) NOT NULL,
  `model` varchar(250) DEFAULT NULL
) ENGINE=InnoDB DEFAULT CHARSET=utf8;

--
-- Dumping data for table `master_products`
--

INSERT INTO `master_products` (`id`, `id_plu`, `id_sku`, `plu_code_name`, `sku_code_name`, `price`, `model`) VALUES
(1, 1, 1, '71075', 'กีวีเขียว NO.27', '25', ''),
(2, 2, 2, '64080', 'กีวีเขียวNO.33', '0', 'ลูก'),
(3, 3, 3, '64079', 'กีวีทอง(NZ)NO.33', '0', 'ลูก'),
(4, 4, 4, '72486', 'กีวีทองNZ#22', '0', 'ลูก'),
(5, 5, 5, '64078', 'เชอร์รี่แดง', '0', ''),
(6, 6, 6, '69347', 'เชอร์รี่แดง(NZ)NO.8.5', '0', ''),
(7, 7, 7, '75975', 'เชอรี่ทอง NO.9.5', '0', ''),
(8, 8, 8, '73478', 'ทับทิมอินเดีย NO.14', '0', 'กิโลกรัม'),
(9, 9, 9, '75971', 'บลูเบอร์รี่', '0', ''),
(10, 10, 10, '75972', 'พุทราจีน', '0', ''),
(11, 11, 11, '65239', 'ลิ้นจี่จีน (คัดพิเศษ)', '0', ''),
(12, 12, 12, '64067', 'ลูกพลับ#2L', '0', ''),
(13, 13, 13, '64068', 'ลูกพลับ#3L', '0', ''),
(14, 14, 14, '78503', 'สตรอเบอร์รี่ 250กรัม(AUS)', '0', ''),
(15, 15, 15, '64317', 'สตรอเบอร์รี่ NO.15(AUS)', '0', ''),
(16, 16, 16, '64109', 'สตรอเบอร์รี่(USA)#12', '0', ''),
(17, 17, 17, '71204', 'STRAWBERRY 250G(KO)', '0', ''),
(18, 18, 18, '64310', 'ส้มซันคิสท์NO.56', '0', ''),
(19, 19, 19, '64323', 'ส้มซันคิสท์NO.72', '0', ''),
(20, 20, 20, '75974', 'ส้มแมนดาริน NO.60', '0', ''),
(21, 21, 21, '72525', 'ส้มแมนดาริน NO.60 (AUS)', '0', ''),
(23, 23, 23, '72525', 'ส้มแมนดาริน NO.60 (AUS)', '0', ''),
(24, 24, 24, '75983', 'ส้มสายน้ำผึ้ง', '0', ''),
(25, 25, 25, '69355', 'สาลี่ทอง(CN)NO.16', '0', ''),
(26, 26, 26, '64071', 'สาลี่ญี่ปุ่นNO.20', '0', ''),
(27, 27, 27, '75966', 'สาลี่ทอง NO.18', '0', ''),
(28, 28, 28, '73582', 'สาลี่น้ำผึ้ง NO.27', '0', ''),
(29, 29, 29, '64061', 'สาลี่น้ำผึ้ง', '0', ''),
(30, 30, 30, '64060', 'สาลี่หอม', '0', ''),
(31, 31, 31, '64313', 'สาลี่หิมะNO.16', '0', ''),
(32, 32, 32, '62735', 'สาลี่หิมะ NO.18', '0', ''),
(33, 33, 33, 'สาลี่หิมะเกาหลี NO.21', 'สาลี่หิมะเกาหลี NO.21', '119', '100'),
(34, 34, 34, '66741', 'สาลี่หิมะเกาหลี NO.7', '0', ''),
(35, 35, 35, '71274', 'สาลี่หิมะเกาหลี(KR)NO.16', '0', ''),
(36, 36, 36, '69394', 'องุ่นเขียวไร้เมล็ด(SAF)', '0', ''),
(37, 37, 37, '78559', 'องุ่นเขียวไว้เมล็ด(USA)', '0', ''),
(38, 38, 38, '79596', 'องุ่นวิชฟิงเกอร์(USA)', '0', ''),
(39, 39, 39, '79109', 'องุ่นดำไร้เมล็ด(USA)', '0', ''),
(40, 40, 40, '64057', 'องุ่นแดง(AUS)', '0', ''),
(41, 41, 41, '65229', 'องุ่นแดงนอก(USA)', '0', ''),
(42, 42, 42, '73509', 'องุ่นแดงนอก ไร้เมล็ด(PRO)', '0', ''),
(43, 43, 43, '79107', 'องุ่นแดงไร้เมล็ด(USA)', '0', ''),
(44, 44, 44, '64075', 'อโวคาโด(AUS)', '0', ''),
(45, 45, 45, '71354', 'อโวคาโดNO.20(NZ)', '0', ''),
(46, 46, 46, '69310', 'อโวคาโดNO.24(KE)', '0', ''),
(47, 47, 47, '78014', 'อโวคาโดNO.60(USA)', '0', ''),
(48, 48, 48, '76638', 'อินทผลัมสด(PERU)', '0', ''),
(49, 49, 49, '65235', 'อินทผาลัมสด', '0', ''),
(50, 50, 50, '66738', 'แอปเปิ้ลกาล่า NO.113', '0', ''),
(51, 51, 51, '66738', 'แอปเปิ้ลกาล่า NO.113', '0', ''),
(52, 52, 52, '66738', 'แอปเปิ้ลกาล่า NO.113', '0', ''),
(53, 53, 53, '75984', 'แอปเปิ้ลกาล่า NO.163', '0', ''),
(54, 54, 54, '75986', 'แอปเปิ้ลเขียว NO.150', '0', ''),
(55, 55, 55, '75985', 'แอปเปิ้ลเขียว', '0', ''),
(56, 56, 56, '75967', 'ABS แอปเปิ้ลควีน #35', '0', ''),
(57, 57, 57, '64073', 'แอปเปิ้ลแดง NO.113', '0', ''),
(58, 58, 58, '64073', 'แอปเปิ้ลแดง NO.113', '0', ''),
(59, 59, 59, '73325', 'แอปเปิ้ลแดงยักษ์ NO.24', '0', ''),
(60, 60, 60, '71143', 'แอปเปิ้ลแดงยักษ์(JP)NO.16', '0', ''),
(61, 61, 61, '79935', 'แอปเปิ้ลบรีส', '0', ''),
(62, 62, 62, '75961', 'แอปเปิ้ลแปซิฟิกโรส NO.14', '0', ''),
(63, 63, 63, '79955', 'แอปเปิ้ลพิงค์เลดี้(NZ)NO.120', '0', ''),
(64, 64, 64, '79955', 'แอปเปิ้ลพิงค์เลดี้(NZ)NO.120', '0', ''),
(65, 65, 65, '70520', 'แอปเปิ้ล ENVY(NZ.)NO.70', '0', ''),
(66, 66, 66, '70579', 'แอปเปื้ล ENVY(NZ.)NO.30', '0', ''),
(67, 67, 67, '71828', 'แอปเปิ้ลเอนวี่ NO.36', '0', ''),
(68, 68, 68, '78516', 'แอปเปิ้ลเอ็นวีNO.48(USA)', '0', ''),
(69, 69, 69, '73580', 'แอปเปิ้ลฟูจิ NO.72', '0', ''),
(70, 70, 70, '64066', 'แอปเปิ้ลฟูจิ NO.80', '0', ''),
(71, 71, 71, '64065', 'แอปเปิ้ลฟูจิ NO.28', '0', ''),
(72, 72, 72, '70598', 'แอปเปิ้ล JAZZ(NZ)NO.120', '0', ''),
(73, 73, 73, '71146', 'แอปเปิ้ลJAZZ(NZ.)NO.90', '0', ''),
(74, 74, 74, '70600', 'แอปเปิ้ลฟูจิน้ำผึ้ง(USA.)NO.100', '0', ''),
(75, 75, 75, '70599', 'แอปเปิ้ลฟูจิน้ำผึ้ง(USA.)NO.113', '0', ''),
(76, 76, 76, '70603', 'แอปเปิ้ลฟูจิน้ำผึ้ง(USA.)NO.64', '0', ''),
(77, 77, 77, '70602', 'แอปเปิ้ลฟูจิน้ำผึ้ง(USA.)NO.72', '0', ''),
(78, 78, 78, '79923', 'แอปเปิ้ลแอมโบเซีย NO.80(NZ)', '0', ''),
(79, 79, 79, '71075', 'แอปเปิ้ลฟูจิน้ำผึ้งNO.30(NZ)', '0', ''),
(80, 80, 0, '', '', '0', ''),
(81, 81, 0, '', '', '0', ''),
(82, 82, 0, '', '', '0', ''),
(83, 83, 0, '', '', '0', ''),
(84, 84, 0, '', '', '0', ''),
(85, 85, 0, '', '', '0', ''),
(86, 86, 0, '', '', '0', ''),
(87, 1, 79, 'แอปเปิ้ลฟูจิน้ำผึ้งNO.30(NZ)', 'แอปเปิ้ลฟูจิน้ำผึ้ง # 80', '0', 'ลูก');

-- --------------------------------------------------------

--
-- Table structure for table `mat_group`
--

CREATE TABLE `mat_group` (
  `id_mat` int(100) NOT NULL,
  `name` varchar(250) NOT NULL
) ENGINE=InnoDB DEFAULT CHARSET=utf8;

--
-- Dumping data for table `mat_group`
--

INSERT INTO `mat_group` (`id_mat`, `name`) VALUES
(1, 'MUSHROOM'),
(2, 'SALAD'),
(3, 'READY TO COOK'),
(4, 'LEAFY VEGETABLE'),
(5, 'SMALL PICE VEGETABLE'),
(6, 'ROOT VEGETABLE'),
(7, 'HERBS'),
(8, 'APPLES'),
(9, 'PAERS'),
(10, 'ORANGE'),
(11, 'STONE FRUITS'),
(12, 'PERSIMMON'),
(13, 'STRAWBERRY'),
(14, 'AVOCADO'),
(15, 'KIWI'),
(16, 'BERRY'),
(17, 'FRUIT GIFT - SET'),
(18, 'GRAPE'),
(19, 'CHERRY'),
(20, 'TROPICAL FRUITS'),
(21, 'PINEAPPLE CUTTING'),
(22, 'POMELO CUTTING'),
(23, 'MELON CUTTING'),
(24, 'PAPAYA CUTTING'),
(25, 'MIXED CUTTING'),
(26, 'PINEAPPLE'),
(27, 'BANANA'),
(28, 'COCONUT'),
(29, 'VEGETABLE'),
(30, 'THAI DESSERTS'),
(31, 'MELON'),
(32, 'TOMATOES'),
(33, 'NUTS - SEEDS');

-- --------------------------------------------------------

--
-- Table structure for table `migrations`
--

CREATE TABLE `migrations` (
  `id` int(10) UNSIGNED NOT NULL,
  `migration` varchar(191) COLLATE utf8mb4_unicode_ci NOT NULL,
  `batch` int(11) NOT NULL
) ENGINE=InnoDB DEFAULT CHARSET=utf8mb4 COLLATE=utf8mb4_unicode_ci;

--
-- Dumping data for table `migrations`
--

INSERT INTO `migrations` (`id`, `migration`, `batch`) VALUES
(1, '2014_10_12_000000_create_users_table', 1),
(2, '2014_10_12_100000_create_password_resets_table', 1),
(3, '2020_12_18_040055_create_sour_partners_table', 1),
(4, '2020_12_18_040137_create_sour_products_table', 1),
(5, '2020_12_18_040211_create_sour_prices_table', 1),
(6, '2020_12_18_040230_create_sour_mains_table', 1),
(7, '2020_12_21_032242_create_type_partners_table', 1),
(8, '2020_12_21_032522_create_type_products_table', 1),
(9, '2021_01_28_081557_create_orderlis_table', 2);

-- --------------------------------------------------------

--
-- Table structure for table `orderlis`
--

CREATE TABLE `orderlis` (
  `id` bigint(20) UNSIGNED NOT NULL,
  `created_at` timestamp NULL DEFAULT NULL,
  `updated_at` timestamp NULL DEFAULT NULL
) ENGINE=InnoDB DEFAULT CHARSET=utf8mb4 COLLATE=utf8mb4_unicode_ci;

-- --------------------------------------------------------

--
-- Table structure for table `orders`
--

CREATE TABLE `orders` (
  `id` int(100) NOT NULL,
  `id_plu` int(100) NOT NULL,
  `id_sku` int(100) NOT NULL,
  `plu_code_name` text NOT NULL,
  `sku_code_name` text NOT NULL,
  `category` varchar(250) NOT NULL,
  `price1` varchar(250) NOT NULL,
  `model` varchar(250) NOT NULL
) ENGINE=InnoDB DEFAULT CHARSET=utf8;

--
-- Dumping data for table `orders`
--

INSERT INTO `orders` (`id`, `id_plu`, `id_sku`, `plu_code_name`, `sku_code_name`, `category`, `price1`, `model`) VALUES
(1, 76, 80, 'แอปเปิ้ลฟูจิน้ำผึ้ง(USA.)NO.64\r\n', 'แอปเปิ้ลฟูจิน้ำผึ้ง(USA.)NO.64', '1', '300', 'KG');

-- --------------------------------------------------------

--
-- Table structure for table `password_resets`
--

CREATE TABLE `password_resets` (
  `email` varchar(191) COLLATE utf8mb4_unicode_ci NOT NULL,
  `token` varchar(191) COLLATE utf8mb4_unicode_ci NOT NULL,
  `created_at` timestamp NULL DEFAULT NULL
) ENGINE=InnoDB DEFAULT CHARSET=utf8mb4 COLLATE=utf8mb4_unicode_ci;

-- --------------------------------------------------------

--
-- Table structure for table `plu_codes`
--

CREATE TABLE `plu_codes` (
  `id_plu` int(10) NOT NULL,
  `plu_code` varchar(250) NOT NULL,
  `plu_code_name` varchar(250) NOT NULL
) ENGINE=InnoDB DEFAULT CHARSET=utf8;

--
-- Dumping data for table `plu_codes`
--

INSERT INTO `plu_codes` (`id_plu`, `plu_code`, `plu_code_name`) VALUES
(1, '73581', 'กีวีเขียว NO.27'),
(2, '64080', 'กีวีเขียวNO.33'),
(3, '64079', 'กีวีทอง(NZ)NO.33'),
(4, '72486', 'กีวีทองNZ#22'),
(5, '64078', 'เชอร์รี่แดง'),
(6, '69347', 'เชอร์รี่แดง(NZ)NO.8.5'),
(7, '75975', 'เชอรี่ทอง NO.9.5'),
(8, '73478', 'ทับทิมอินเดีย NO.14'),
(9, '75971', 'บลูเบอร์รี่'),
(10, '75972', 'พุทราจีน'),
(11, '65239', 'ลิ้นจี่จีน (คัดพิเศษ)'),
(12, '64067', 'ลูกพลับ#2L'),
(13, '64068', 'ลูกพลับ#3L'),
(14, '78503', 'สตรอเบอร์รี่ 250กรัม(AUS)'),
(15, '64317', 'สตรอเบอร์รี่ NO.15(AUS)'),
(16, '64109', 'สตรอเบอร์รี่(USA)#12'),
(17, '71204', 'STRAWBERRY 250G(KO)'),
(18, '64310', 'ส้มซันคิสท์NO.56'),
(19, '64323', 'ส้มซันคิสท์NO.72'),
(20, '75974', 'ส้มแมนดาริน NO.60'),
(21, '72525', 'ส้มแมนดาริน NO.60 (AUS)'),
(22, '72525', 'ส้มแมนดาริน NO.60 (AUS)'),
(23, '72525', 'ส้มแมนดาริน NO.60 (AUS)'),
(24, '75983', 'ส้มสายน้ำผึ้ง'),
(25, '69355', 'สาลี่ทอง(CN)NO.16'),
(26, '64071', 'สาลี่ญี่ปุ่นNO.20'),
(27, '75966', 'สาลี่ทอง NO.18'),
(28, '73582', 'สาลี่น้ำผึ้ง NO.27'),
(29, '64061', 'สาลี่น้ำผึ้ง'),
(30, '64060', 'สาลี่หอม'),
(31, '64313', 'สาลี่หิมะNO.16'),
(32, '62735', 'สาลี่หิมะ NO.18'),
(33, '62734', 'สาลี่หิมะเกาหลี NO.21'),
(34, '66741', 'สาลี่หิมะเกาหลี NO.7'),
(35, '71274', 'สาลี่หิมะเกาหลี(KR)NO.16'),
(36, '69394', 'องุ่นเขียวไร้เมล็ด(SAF)'),
(37, '78559', 'องุ่นเขียวไว้เมล็ด(USA)'),
(38, '79596', 'องุ่นวิชฟิงเกอร์(USA)'),
(39, '79109', 'องุ่นดำไร้เมล็ด(USA)'),
(40, '64057', 'องุ่นแดง(AUS)'),
(41, '65229', 'องุ่นแดงนอก(USA)'),
(42, '73509', 'องุ่นแดงนอก ไร้เมล็ด(PRO)'),
(43, '79107', 'องุ่นแดงไร้เมล็ด(USA)'),
(44, '64075', 'อโวคาโด(AUS)'),
(45, '71354', 'อโวคาโดNO.20(NZ)'),
(46, '69310', 'อโวคาโดNO.24(KE)'),
(47, '78014', 'อโวคาโดNO.60(USA)'),
(48, '76638', 'อินทผลัมสด(PERU)'),
(49, '65235', 'อินทผาลัมสด'),
(50, '66738', 'แอปเปิ้ลกาล่า NO.113'),
(51, '66738', 'แอปเปิ้ลกาล่า NO.113'),
(52, '66738', 'แอปเปิ้ลกาล่า NO.113'),
(53, '75984', 'แอปเปิ้ลกาล่า NO.163'),
(54, '75986', 'แอปเปิ้ลเขียว NO.150'),
(55, '75985', 'แอปเปิ้ลเขียว'),
(56, '75967', 'ABS แอปเปิ้ลควีน #35'),
(57, '64073', 'แอปเปิ้ลแดง NO.113'),
(58, '64073', 'แอปเปิ้ลแดง NO.113'),
(59, '73325', 'แอปเปิ้ลแดงยักษ์ NO.24'),
(60, '71143', 'แอปเปิ้ลแดงยักษ์(JP)NO.16'),
(61, '79935', 'แอปเปิ้ลบรีส'),
(62, '75961', 'แอปเปิ้ลแปซิฟิกโรส NO.14'),
(63, '79955', 'แอปเปิ้ลพิงค์เลดี้(NZ)NO.120'),
(64, '79955', 'แอปเปิ้ลพิงค์เลดี้(NZ)NO.120'),
(65, '70520', 'แอปเปิ้ล ENVY(NZ.)NO.70'),
(66, '70579', 'แอปเปื้ล ENVY(NZ.)NO.30'),
(67, '71828', 'แอปเปิ้ลเอนวี่ NO.36'),
(68, '78516', 'แอปเปิ้ลเอ็นวีNO.48(USA)'),
(69, '73580', 'แอปเปิ้ลฟูจิ NO.72'),
(70, '64066', 'แอปเปิ้ลฟูจิ NO.80'),
(71, '64065', 'แอปเปิ้ลฟูจิ NO.28'),
(72, '70598', 'แอปเปิ้ล JAZZ(NZ)NO.120'),
(73, '71146', 'แอปเปิ้ลJAZZ(NZ.)NO.90'),
(74, '70600', 'แอปเปิ้ลฟูจิน้ำผึ้ง(USA.)NO.100'),
(75, '70599', 'แอปเปิ้ลฟูจิน้ำผึ้ง(USA.)NO.113'),
(76, '70603', 'แอปเปิ้ลฟูจิน้ำผึ้ง(USA.)NO.64'),
(77, '70602', 'แอปเปิ้ลฟูจิน้ำผึ้ง(USA.)NO.72'),
(78, '79923', 'แอปเปิ้ลแอมโบเซีย NO.80(NZ)'),
(79, '71075', 'แอปเปิ้ลฟูจิน้ำผึ้งNO.30(NZ)');

-- --------------------------------------------------------

--
-- Table structure for table `price_plu_code`
--

CREATE TABLE `price_plu_code` (
  `price_id` int(10) NOT NULL,
  `barcode` varchar(250) NOT NULL,
  `price` varchar(250) NOT NULL,
  `model` varchar(250) NOT NULL
) ENGINE=InnoDB DEFAULT CHARSET=utf8;

--
-- Dumping data for table `price_plu_code`
--

INSERT INTO `price_plu_code` (`price_id`, `barcode`, `price`, `model`) VALUES
(2, '77836', '22', ''),
(3, '2901211322951', '250', ''),
(4, '60745', '250', ''),
(5, '2901211507686', '30', ''),
(6, '65905', '30', ''),
(7, '2901211507761', '33', ''),
(8, '65906', '33', ''),
(9, '2901211507846', '33', ''),
(10, '65907', '33', ''),
(11, '2901211609656', '45', ''),
(12, '77981', '45', ''),
(13, '2901211627896', '15', ''),
(14, '70388', '15', ''),
(15, '2901211299949', '22', ''),
(16, '70391', '15', ''),
(17, '2901211629203', '15', ''),
(18, '70402', '15', ''),
(19, '2901211629531', '25', ''),
(20, '70405', '25', ''),
(21, '2901211630193', '25', ''),
(22, '70411', '25', ''),
(23, '2901211630438', '20', ''),
(24, '70414', '20', ''),
(25, '2901211631183', '30', ''),
(26, '70421', '30', ''),
(27, '2901211634153', '25', ''),
(28, '70470', '25', ''),
(29, '2901211634238', '25', ''),
(30, '70471', '25', ''),
(31, '2901211634498', '30', ''),
(32, '70473', '30', ''),
(33, '2901211634566', '25', ''),
(34, '70474', '25', ''),
(35, '2901211831323', '18', ''),
(36, '76521', '18', ''),
(37, '2901211831408', '15', ''),
(38, '76522', '15', ''),
(39, '2901220100038', '149', ''),
(40, '62736', '149', ''),
(41, '2901220100113', '79', ''),
(42, '62735', '79', ''),
(43, '2901220100298', '119', ''),
(44, '62734', '119', ''),
(45, '2901220110761', '55', ''),
(46, '64059', '55', ''),
(47, '2901220111003', '169', ''),
(48, '64062', '169', ''),
(49, '2901220111188', '17', ''),
(50, '64063', '17', ''),
(51, '2901220111263', '89', ''),
(52, '64064', '89', ''),
(53, '2901220111348', '49', ''),
(54, '64065', '49', ''),
(55, '2901220111423', '35', ''),
(56, '64066', '35', ''),
(57, '2901220111591', '179', ''),
(58, '64067', '179', ''),
(59, '2901220111676', '199', ''),
(60, '64068', '199', ''),
(61, '2901220111751', '129', ''),
(62, '64331', '129', ''),
(63, '2901220112093', '590', ''),
(64, '64108', '590', ''),
(65, '2901220112178', '239', ''),
(66, '64109', '239', ''),
(67, '2901220112253', '17', ''),
(68, '64069', '17', ''),
(69, '2901220112338', '22', ''),
(70, '64070', '22', ''),
(71, '2901220112413', '69', ''),
(72, '64071', '69', ''),
(73, '2901220112581', '59', ''),
(74, '64072', '59', ''),
(75, '2901220112666', '18', ''),
(76, '64073', '18', ''),
(77, '2901220112741', '179', ''),
(78, '64074', '179', ''),
(79, '2901220112826', '79', ''),
(80, '64075', '79', ''),
(81, '2901220112901', '399', ''),
(82, '64076', '399', ''),
(83, '2901220113083', '99', ''),
(84, '64077', '99', ''),
(85, '2901220113243', '45', ''),
(86, '64079', '45', ''),
(87, '2901220113328', '32', ''),
(88, '64080', '32', ''),
(89, '2901220113403', '160', ''),
(90, '64081', '160', ''),
(91, '2901220113571', '109', ''),
(92, '64082', '109', ''),
(93, '2901220116053', '39', ''),
(94, '73475', '39', ''),
(95, '2901220116138', '59', ''),
(96, '73476', '59', ''),
(97, '2901220116213', '12', ''),
(98, '73477', '12', ''),
(99, '2901220137003', '69', ''),
(100, '64434', '69', ''),
(101, '2901220137188', '109', ''),
(102, '64435', '109', ''),
(103, '2901220137263', '109', ''),
(104, '64436', '109', ''),
(105, '2901220137348', '119', ''),
(106, '64437', '119', ''),
(107, '2901220137423', '79', ''),
(108, '64438', '79', ''),
(109, '2901220137591', '119', ''),
(110, '64439', '119', ''),
(111, '2901220318013', '179', ''),
(112, '66856', '179', ''),
(113, '2901220318198', '149', ''),
(114, '66860', '149', ''),
(115, '2901220318846', '55', ''),
(116, '66868', '55', ''),
(117, '2901220318921', '190', ''),
(118, '66869', '190', ''),
(119, '2901220319003', '195', ''),
(120, '66040', '195', ''),
(121, '2901220319188', '55', ''),
(122, '66736', '55', ''),
(123, '2901220319263', '39', ''),
(124, '66737', '39', ''),
(125, '2901220319348', '25', ''),
(126, '66738', '25', ''),
(127, '2901220319423', '12', ''),
(128, '66739', '12', ''),
(129, '2901220319591', '39', ''),
(130, '66740', '39', ''),
(131, '2901220319676', '200', ''),
(132, '66741', '200', ''),
(133, '2901220332118', '349', ''),
(134, '64311', '349', ''),
(135, '2901220332378', '89', ''),
(136, '64313', '89', ''),
(137, '2901220332453', '49', ''),
(138, '64314', '49', ''),
(139, '2901220332606', '35', ''),
(140, '64316', '35', ''),
(141, '2901220332781', '179', ''),
(142, '64317', '179', ''),
(143, '2901220332866', '29', ''),
(144, '64318', '29', ''),
(145, '2901220332941', '29', ''),
(146, '64319', '29', ''),
(147, '2901220333023', '15', ''),
(148, '64320', '15', ''),
(149, '2901220333108', '40', ''),
(150, '64321', '40', ''),
(151, '2901220339896', '299', ''),
(152, '64128', '299', ''),
(153, '2901220345996', '89', ''),
(154, '75961', '89', ''),
(155, '2901220346078', '99', ''),
(156, '75962', '99', ''),
(157, '2901220346153', '45', ''),
(158, '75963', '45', ''),
(159, '2901220346238', '99', ''),
(160, '75964', '99', ''),
(161, '2901220346313', '22', ''),
(162, '75965', '22', ''),
(163, '2901220346498', '69', ''),
(164, '75966', '69', ''),
(165, '2901220346566', '45', ''),
(166, '75967', '45', ''),
(167, '2901220346641', '199', ''),
(168, '75968', '199', ''),
(169, '2901220346726', '299', ''),
(170, '75969', '299', ''),
(171, '2901220346801', '379', ''),
(172, '75970', '379', ''),
(173, '2901220346986', '199', ''),
(174, '75971', '199', ''),
(175, '2901220347143', '69', ''),
(176, '75973', '69', ''),
(177, '2901220347716', '49', ''),
(178, '75979', '49', ''),
(179, '75980', '179', ''),
(180, '2901220348218', '15', ''),
(181, '75984', '15', ''),
(182, '2901220348393', '30', ''),
(183, '75985', '30', ''),
(184, '2901220348478', '15', ''),
(185, '75986', '15', ''),
(186, '2901220348546', '19', ''),
(187, '75987', '19', ''),
(188, '2901220360241', '395', ''),
(189, '73230', '395', ''),
(190, '2901220360401', '259', ''),
(191, '73232', '259', ''),
(192, '2901220360579', '299', ''),
(193, '73233', '299', ''),
(194, '2901220360654', '295', ''),
(195, '73234', '295', ''),
(196, '2901220360739', '195', ''),
(197, '73235', '195', ''),
(198, '2901220360814', '165', ''),
(199, '73236', '165', ''),
(200, '2901220367929', '199', ''),
(201, '73325', '199', ''),
(202, '2901220368001', '159', ''),
(203, '73326', '159', ''),
(204, '2901220368186', '190', ''),
(205, '73327', '190', ''),
(206, '2901220368261', '20', ''),
(207, '73328', '20', ''),
(208, '2901220374934', '59', ''),
(209, '73388', '59', ''),
(210, '2901220600163', '1900', ''),
(211, '71237', '1900', ''),
(212, '2901220600248', '2500', ''),
(213, '71238', '2500', ''),
(214, '2901220600323', '3500', ''),
(215, '71239', '3500', ''),
(216, '2901220908566', '39', ''),
(217, '70583', '39', ''),
(218, '2901220908641', '45', ''),
(219, '70584', '45', ''),
(220, '2901220927796', '55', ''),
(221, '70943', '55', ''),
(222, '2901220934541', '249', ''),
(223, '71122', '249', ''),
(224, '2901220936521', '120', ''),
(225, '71142', '120', ''),
(226, '2901220936781', '35', ''),
(227, '71144', '35', ''),
(228, '2901220937108', '12', ''),
(229, '71148', '12', ''),
(230, '2901220937283', '10', ''),
(231, '71149', '10', ''),
(232, '2901220938013', '1290', ''),
(233, '71206', '1290', ''),
(234, '2901220938761', '300', ''),
(235, '71268', '300', ''),
(236, '2901220939188', '70', ''),
(237, '71264', '70', ''),
(238, '2901220939263', '85', ''),
(239, '71265', '85', ''),
(240, '2901220939348', '179', ''),
(241, '71266', '179', ''),
(242, '2901220941488', '1699', ''),
(243, '71797', '1699', ''),
(244, '2901220941556', '1099', ''),
(245, '71798', '1099', ''),
(246, '2901220941631', '690', ''),
(247, '71799', '690', ''),
(248, '2901220942133', '450', ''),
(249, '71807', '450', ''),
(250, '2901220942218', '89', ''),
(251, '71828', '89', ''),
(252, '2901220972659', '2900', ''),
(253, '79451', '2900', ''),
(254, '2901220973076', '55', ''),
(255, '79485', '55', ''),
(256, '2901220976619', '22', ''),
(257, '79955', '22', ''),
(258, '2901220981989', '85', ''),
(259, '78610', '85', ''),
(260, '2901221012163', '189', ''),
(261, '63865', '189', ''),
(262, '2901221012248', '239', ''),
(263, '62598', '239', ''),
(264, '2901221025293', '269', ''),
(265, '69320', '269', ''),
(266, '2901221025521', '1399', ''),
(267, '69321', '1399', ''),
(268, '2901221064544', '1699', ''),
(269, '72569', '1699', ''),
(270, '2901221066296', '159', ''),
(271, '62119', '159', ''),
(272, '2901221069914', '49', ''),
(273, '64417', '49', ''),
(274, '2901221070071', '59', ''),
(275, '64418', '59', ''),
(276, '2901221070156', '69', ''),
(277, '64419', '69', ''),
(278, '2901221070231', '89', ''),
(279, '64420', '89', ''),
(280, '2901221070316', '49', ''),
(281, '64421', '49', ''),
(282, '2901221070491', '59', ''),
(283, '64423', '59', ''),
(284, '2901221070569', '49', ''),
(285, '64424', '49', ''),
(286, '2901221070644', '59', ''),
(287, '64425', '59', ''),
(288, '2901221070729', '129', ''),
(289, '64426', '129', ''),
(290, '2901221070804', '69', ''),
(291, '64427', '69', ''),
(292, '2901221070989', '89', ''),
(293, '64428', '89', ''),
(294, '2901221071061', '49', ''),
(295, '64429', '49', ''),
(296, '2901221071146', '89', ''),
(297, '64430', '89', ''),
(298, '2901221071221', '279', ''),
(299, '64305', '279', ''),
(300, '2901221071306', '379', ''),
(301, '64306', '379', ''),
(302, '2901221071481', '189', ''),
(303, '64582', '189', ''),
(304, '2901221071559', '59', ''),
(305, '64584', '59', ''),
(306, '2901221071634', '109', ''),
(307, '64585', '109', ''),
(308, '2901221071719', '159', ''),
(309, '64587', '159', ''),
(310, '2901221071894', '159', ''),
(311, '64589', '159', ''),
(312, '2901221071979', '479', ''),
(313, '64590', '479', ''),
(314, '2901221072051', '409', ''),
(315, '64594', '409', ''),
(316, '2901221072136', '409', ''),
(317, '64595', '409', ''),
(318, '2901221075694', '49', ''),
(319, '65041', '49', ''),
(320, '2901221075779', '10', ''),
(321, '65042', '10', ''),
(322, '2901221075854', '39', ''),
(323, '65031', '39', ''),
(324, '2901221076011', '65', ''),
(325, '65033', '65', ''),
(326, '2901221099614', '399', ''),
(327, '75730', '399', ''),
(328, '2901221099874', '1350', ''),
(329, '75735', '1350', ''),
(330, '2901221100358', '1150', ''),
(331, '77649', '1150', ''),
(332, '2901221100433', '1590', ''),
(333, '77650', '1590', ''),
(334, '2901221100501', '359', ''),
(335, '77651', '359', ''),
(336, '2901221102093', '1090', ''),
(337, '66700', '1090', ''),
(338, '2901221102178', '229', ''),
(339, '66705', '229', ''),
(340, '2901221102253', '269', ''),
(341, '66706', '269', ''),
(342, '2901221102338', '459', ''),
(343, '66707', '459', ''),
(344, '2901221103083', '139', ''),
(345, '74505', '139', ''),
(346, '2901221103168', '459', ''),
(347, '74103', '459', ''),
(348, '2901221105551', '259', ''),
(349, '77985', '259', ''),
(350, '2901221105636', '1390', ''),
(351, '76989', '1390', ''),
(352, '2901221105896', '1690', ''),
(353, '60725', '1690', ''),
(354, '2901221106886', '119', ''),
(355, '76489', '119', ''),
(356, '2901221107128', '159', ''),
(357, '62666', '159', ''),
(358, '2901221107876', '1600', ''),
(359, '63239', '1600', ''),
(360, '2901221107951', '1490', ''),
(361, '63250', '1490', ''),
(362, '2901221108033', '650', ''),
(363, '63251', '650', ''),
(364, '2901221111576', '219', ''),
(365, '64315', '219', ''),
(366, '2901221115123', '199', ''),
(367, '71125', '199', ''),
(368, '2901221115208', '139', ''),
(369, '71131', '139', ''),
(370, '2901221115956', '39', ''),
(371, '60732', '39', ''),
(372, '2901221116038', '20', ''),
(373, '60739', '20', ''),
(374, '2901221116113', '39', ''),
(375, '60746', '39', ''),
(376, '2901250159594', '38', ''),
(377, '63339', '38', ''),
(378, '2901250175006', '7', ''),
(379, '77419', '7', ''),
(380, '2901250253964', '25', ''),
(381, '63777', '25', ''),
(382, '2901250275829', '50', ''),
(383, '79099', '50', ''),
(384, '2901250275904', '50', ''),
(385, '79100', '50', ''),
(386, '2901250276086', '75', ''),
(387, '79101', '75', ''),
(388, '2901250276161', '75', ''),
(389, '79103', '75', ''),
(390, '2901250276246', '75', ''),
(391, '79151', '75', ''),
(392, '2901250276321', '20', ''),
(393, '79155', '20', ''),
(394, '2901250278639', '77', ''),
(395, '79190', '77', ''),
(396, '2901250278714', '98', ''),
(397, '79200', '98', ''),
(398, '2901250279704', '35', ''),
(399, '79230', '35', ''),
(400, '2901250280519', '55', ''),
(401, '79242', '55', ''),
(402, '2901250280694', '170', ''),
(403, '79243', '170', ''),
(404, '2901250280939', '95', ''),
(405, '79250', '95', ''),
(406, '2901250281011', '108', ''),
(407, '79251', '108', ''),
(408, '2901250281271', '80', ''),
(409, '79253', '80', ''),
(410, '2901250281356', '80', ''),
(411, '79255', '80', ''),
(412, '2901250281431', '89', ''),
(413, '79260', '89', ''),
(414, '2901250281509', '99', ''),
(415, '79263', '99', ''),
(416, '2901250281684', '95', ''),
(417, '79264', '95', ''),
(418, '2901250281769', '89', ''),
(419, '79265', '89', ''),
(420, '2901250281844', '89', ''),
(421, '79266', '89', ''),
(422, '2901250281929', '89', ''),
(423, '79111', '89', ''),
(424, '2901250282001', '89', ''),
(425, '79112', '89', ''),
(426, '2901250282186', '99', ''),
(427, '79113', '99', ''),
(428, '2901250282261', '95', ''),
(429, '79114', '95', ''),
(430, '2901250282346', '120', ''),
(431, '79267', '120', ''),
(432, '2901250282421', '80', ''),
(433, '79268', '80', ''),
(434, '2901250282599', '89', ''),
(435, '79117', '89', ''),
(436, '2901250282674', '60', ''),
(437, '79269', '60', ''),
(438, '2901250282759', '89', ''),
(439, '79119', '89', ''),
(440, '2901250911826', '15', ''),
(441, '73715', '15', ''),
(442, '2901250912731', '18', ''),
(443, '73724', '18', ''),
(444, '2901250913318', '12', ''),
(445, '73731', '12', ''),
(446, '2901250913493', '12', ''),
(447, '73732', '12', ''),
(448, '2901250913561', '23', ''),
(449, '73733', '23', ''),
(450, '2901250913646', '23', ''),
(451, '73734', '23', ''),
(452, '2901250913721', '9', ''),
(453, '73735', '9', ''),
(454, '2901250913806', '17', ''),
(455, '73739', '17', ''),
(456, '2901250914063', '8', ''),
(457, '73738', '8', ''),
(458, '2901260383729', '22', ''),
(459, '66287', '22', ''),
(460, '2901321238128', '125', ''),
(461, '77595', '125', ''),
(462, '73823', '129', ''),
(463, '64654', '89', ''),
(464, '72486', '39', ''),
(465, '65333', '2980', ''),
(466, '64933', '3900', ''),
(467, '73090', '699', ''),
(468, '77225', '59', ''),
(469, '64596', '219', ''),
(470, '64597', '159', ''),
(471, '78646', '499', ''),
(472, '76333', '399', ''),
(473, '69094', '180', ''),
(474, '69049', '120', ''),
(475, '72567', '450', ''),
(476, '64410', '399', ''),
(477, '64743', '499', ''),
(478, '66227', '990', ''),
(479, '64655', '690', ''),
(480, '64658', '790', ''),
(481, '64414', '499', ''),
(482, '72487', '1490', ''),
(483, '79814', '2790', ''),
(484, '64416', '890', ''),
(485, '64657', '990', ''),
(486, '64413', '689', ''),
(487, '64656', '1290', ''),
(488, '64634', '450', ''),
(489, '64431', '89', ''),
(490, '64432', '109', ''),
(491, '64433', '199', ''),
(492, '78411', '299', ''),
(493, '64752', '950', ''),
(494, '64530', '390', ''),
(495, '75607', '75', ''),
(496, '65338', '289', ''),
(497, '64602', '199', ''),
(498, '64651', '179', ''),
(499, '67903', '350', ''),
(500, '65334', '329', ''),
(501, '64599', '219', ''),
(502, '64623', '199', ''),
(503, '64624', '159', ''),
(504, '69047', '259', ''),
(505, '65326', '149', ''),
(506, '65342', '289', ''),
(507, '64652', '209', ''),
(508, '64653', '179', ''),
(509, '75765', '950', ''),
(510, '73822', '750', ''),
(511, '79477', '499', ''),
(512, '73826', '1690', ''),
(513, '66085', '250', ''),
(514, '66086', '250', ''),
(515, '66187', '299', ''),
(516, '73975', '550', ''),
(517, '78741', '199', ''),
(518, '71274', '259', ''),
(519, '66805', '3900', ''),
(520, '65709', '790', ''),
(521, '66993', '1990', ''),
(522, '66992', '3900', ''),
(523, '72145', '2000', ''),
(524, '65708', '1390', ''),
(525, '79769', '1200', ''),
(526, '74388', '1790', ''),
(527, '74395', '1290', ''),
(528, '79102', '150', ''),
(529, '79106', '89', ''),
(530, '79104', '130', ''),
(531, '79105', '110', ''),
(532, '70589', '45', ''),
(533, '61313', '33', ''),
(534, '61316', '33', ''),
(535, '70593', '45', ''),
(536, '70588', '45', ''),
(537, '61318', '33', ''),
(538, '70595', '45', ''),
(539, '61286', '33', ''),
(540, '61315', '33', ''),
(541, '70592', '45', ''),
(542, '70591', '45', ''),
(543, '61314', '33', ''),
(544, '70389', '30', ''),
(545, '70383', '49', ''),
(546, '70404', '39', ''),
(547, '70399', '20', ''),
(548, '70398', '20', ''),
(549, '70397', '15', ''),
(550, '70393', '15', ''),
(551, '70385', '25', ''),
(552, '70401', '25', ''),
(553, '70390', '25', ''),
(554, '70382', '35', ''),
(555, '70384', '30', ''),
(556, '70403', '35', ''),
(557, '70395', '29', ''),
(558, '70410', '39', ''),
(559, '70394', '22', ''),
(560, '70475', '15', ''),
(561, '70400', '15', ''),
(562, '70469', '15', ''),
(563, '70386', '25', ''),
(564, '70381', '30', ''),
(565, '70422', '30', ''),
(566, '70420', '40', ''),
(567, '70409', '30', ''),
(568, '65869', '30', ''),
(569, '65868', '29', ''),
(570, '71000', '35', ''),
(571, '65872', '25', ''),
(572, '72006', '25', ''),
(573, '72004', '32', ''),
(574, '73581', '25', ''),
(575, '70159', '28', ''),
(576, '74150', '169', ''),
(577, '73598', '95', ''),
(578, '72007', '30', ''),
(579, '69392', '990', ''),
(580, '73506', '399', ''),
(581, '74738', '269', ''),
(582, '73055', '259', ''),
(583, '71719', '199', ''),
(584, '69490', '159', ''),
(585, '69319', '175', ''),
(586, '67247', '199', ''),
(587, '69505', '215', ''),
(588, '62482', '299', ''),
(589, '79802', '299', ''),
(590, '72552', '399', ''),
(591, '77965', '20', ''),
(592, '72265', '30', ''),
(593, '72504', '199', ''),
(594, '79806', '299', ''),
(595, '71130', '259', ''),
(596, '78503', '179', ''),
(597, '70158', '649', ''),
(598, '71204', '199', ''),
(599, '74739', '339', ''),
(600, '74180', '620', ''),
(601, '74181', '699', ''),
(602, '69529', '420', ''),
(603, '69355', '79', ''),
(604, '71275', '1700', ''),
(605, '71269', '170', ''),
(606, '71270', '160', ''),
(607, '71271', '140', ''),
(608, '71272', '130', ''),
(609, '71273', '459', ''),
(610, '65672', '39', ''),
(611, '71999', '25', ''),
(612, '71992', '22', ''),
(613, '72005', '23', ''),
(614, '72000', '20', ''),
(615, '72790', '13', ''),
(616, '61498', '39', ''),
(617, '72791', '35', ''),
(618, '77835', '55', ''),
(619, '72792', '35', ''),
(620, '72549', '890', ''),
(621, '71354', '109', ''),
(622, '71355', '59', ''),
(623, '78014', '89', ''),
(624, '69310', '89', ''),
(625, '69311', '69', ''),
(626, '70520', '75', ''),
(627, '70581', '59', ''),
(628, '70598', '25', ''),
(629, '70585', '49', ''),
(630, '70519', '69', ''),
(631, '70582', '29', ''),
(632, '71150', '39', ''),
(633, '71151', '45', ''),
(634, '71152', '29', ''),
(635, '70940', '55', ''),
(636, '69329', '80', ''),
(637, '70580', '45', ''),
(638, '79953', '45', ''),
(639, '71147', '15', ''),
(640, '71145', '30', ''),
(641, '71146', '25', ''),
(642, '70939', '55', ''),
(643, '70941', '69', ''),
(644, '79935', '49', ''),
(645, '70717', '59', ''),
(646, '78507', '99', ''),
(647, '76347', '79', ''),
(648, '79954', '45', ''),
(649, '73580', '29', ''),
(650, '71261', '250', ''),
(651, '71262', '90', ''),
(652, '71267', '2900', ''),
(653, '70942', '55', ''),
(654, '70601', '56', ''),
(655, '71143', '399', ''),
(656, '71303', '159', ''),
(657, '69354', '220', ''),
(658, '75469', '199', ''),
(659, '78523', '139', ''),
(660, '78516', '119', ''),
(661, '79936', '39', ''),
(662, '79923', '69', ''),
(663, '70600', '29', ''),
(664, '70599', '25', ''),
(665, '71075', '89', ''),
(666, '70603', '69', ''),
(667, '70602', '59', ''),
(668, '76348', '199', ''),
(669, '70579', '139', ''),
(670, '63781', '39', ''),
(671, '60316', '159', ''),
(672, '63788', '110', ''),
(673, '61870', '220', ''),
(674, '63241', '179', ''),
(675, '63783', '210', ''),
(676, '60323', '299', ''),
(677, '63740', '249', ''),
(678, '60319', '350', ''),
(679, '63432', '59', ''),
(680, '63762', '49', ''),
(681, '63782', '550', ''),
(682, '60320', '350', ''),
(683, '63435', '59', ''),
(684, '60325', '370', ''),
(685, '74598', '59', ''),
(686, '62109', '369', ''),
(687, '2901260934433', '19', ''),
(688, '75467', '19', ''),
(689, '2901260934501', '45', ''),
(690, '75468', '45', ''),
(691, '2901260934686', '34', ''),
(692, '75492', '34', ''),
(693, '11555', '399', ''),
(694, '11706', '450', '');

-- --------------------------------------------------------

--
-- Table structure for table `pro_types`
--

CREATE TABLE `pro_types` (
  `id` bigint(20) UNSIGNED NOT NULL,
  `model` varchar(250) CHARACTER SET utf8mb4 COLLATE utf8mb4_unicode_ci NOT NULL
) ENGINE=InnoDB DEFAULT CHARSET=utf8;

--
-- Dumping data for table `pro_types`
--

INSERT INTO `pro_types` (`id`, `model`) VALUES
(1, 'แพ็ค'),
(2, 'product_type_name'),
(3, 'กรัม'),
(4, 'กล่องx10'),
(5, 'กล่องx5'),
(6, 'กำ'),
(7, 'กิโลกรัม'),
(8, 'ชุด'),
(9, 'ฝัก'),
(10, 'ลูก'),
(11, 'หวี'),
(12, 'กล่องx1.3'),
(13, 'กล่องx1.5'),
(14, 'กล่องx16'),
(15, 'กล่องx8'),
(16, 'กล่องx2'),
(17, 'ถุง'),
(18, 'กล่องx92'),
(19, 'กล่องx77'),
(20, 'กล่องx52'),
(21, 'กล่องx48'),
(22, 'กล่องx85'),
(23, 'กล่องx65'),
(24, 'กล่องx44'),
(25, 'กล่องx78'),
(26, 'กล่องx72'),
(27, 'กล่องx90'),
(28, 'กล่องx100'),
(29, 'กล่องx102'),
(30, 'กล่องx75'),
(31, 'กล่องx40'),
(32, 'กล่องx41'),
(33, 'กล่องx70'),
(34, 'กล่องx80'),
(35, 'กล่องx14'),
(36, 'กล่องx4'),
(37, 'กล่องx4.5'),
(38, 'กล่องx9'),
(39, 'กล่องx7'),
(40, 'กล่องx8'),
(41, 'กล่องx3'),
(42, 'กล่องx3.5'),
(43, 'กล่องx12'),
(44, 'กล่องx4.8'),
(45, 'กล่องx4.2'),
(46, 'กล่องx12.5'),
(47, 'กล่องx18'),
(48, 'กล่องx38'),
(49, 'กล่องx36'),
(50, 'กล่องx45'),
(51, 'กล่องx28'),
(52, 'กล่องx24'),
(53, 'กล่องx15'),
(54, 'กล่องx32'),
(55, 'กล่องx6'),
(56, 'กล่องx39'),
(57, 'กล่องx13'),
(58, 'กล่องx3.7'),
(59, 'กล่องx19'),
(60, 'กล่องx13.5'),
(61, 'กล่องx14.5'),
(62, 'กล่องx5.5'),
(63, 'กล่องx9.5'),
(64, 'กล่องx6'),
(65, 'กล่องx20'),
(66, 'กล่องx8'),
(67, 'กล่องx8.2'),
(68, 'กล่องx8.5'),
(69, 'กล่องx1'),
(70, 'กล่องx23'),
(71, 'กล่องx23.5'),
(72, 'กล่องx24'),
(73, 'กล่องx24.5'),
(74, 'กล่องx25'),
(75, 'กล่องx25.5'),
(76, 'กล่องx26'),
(77, 'กล่องx26.5'),
(78, 'กล่องx27'),
(79, 'กล่องx27.5'),
(80, 'กล่องx29'),
(81, 'กล่องx29.5'),
(82, 'กล่องx30'),
(83, 'กล่องx30.5'),
(84, 'กล่องx112'),
(85, 'กล่องx120'),
(86, 'กล่องx135'),
(87, 'กล่องx138'),
(88, 'กล่องx150'),
(89, 'กล่องx163'),
(90, 'กล่องx163'),
(91, 'กล่องx110'),
(92, 'กล่องx113'),
(93, 'กล่องx125'),
(94, 'กล่องx 216'),
(95, 'กล่องx113'),
(96, 'กล่องx125'),
(97, 'กล่องx88'),
(98, 'กล่องx35'),
(99, 'กล่องx64'),
(100, 'กล่อง');

-- --------------------------------------------------------

--
-- Table structure for table `sku_codes`
--

CREATE TABLE `sku_codes` (
  `id_sku` int(10) NOT NULL,
  `sku_code` varchar(250) NOT NULL,
  `sku_code_name` varchar(250) NOT NULL
) ENGINE=InnoDB DEFAULT CHARSET=utf8;

--
-- Dumping data for table `sku_codes`
--

INSERT INTO `sku_codes` (`id_sku`, `sku_code`, `sku_code_name`) VALUES
(1, '0202000338', 'กีวีเขียว # 27 ( 78 ลูก )'),
(2, '0202000325', 'กีวีเขียว# 30 (85 ลูก)'),
(3, '0202000336', 'กีวีทอง # 27 ( 44 ลูก )'),
(4, '0202000319', 'กีวีทอง#33 (52 ลูก)'),
(5, '0202001001', 'เชอรี่แดง # 8.5'),
(6, '0202001018', 'เชอรี่แดง # 9'),
(7, '0202001025', 'เชอรี่ทอง # 9.5'),
(8, '0202001339', 'ทับทิมอินเดีย (กิโลกรัม) #18'),
(9, '0202001701', 'บลูเบอรี่ # 12'),
(10, '0202002003', 'พุทราจีน'),
(11, '0201003403', 'ลิ้นจี่นอก'),
(12, '0202003703', 'ลูกพลับ # 18'),
(13, '0202003727', 'ลูกพลับญี่ปุ่น # 3L'),
(14, '0202004415', 'สตรอเบอรี่#12(Driscoll) (250g)'),
(15, '0202004415', 'สตรอเบอรี่#12(Driscoll) (250g)'),
(16, '0202004415', 'สตรอเบอรี่#12(Driscoll) (250g)'),
(17, '0202004415', 'สตรอเบอรี่#12(Driscoll) (250g)'),
(18, '0202004516', 'ส้มซันคิสท์ # 56'),
(19, '0202004519', 'ส้มซันคิสท์ # 72'),
(20, '0202004527', 'ส้มแมนดาริน'),
(21, '0202004534', 'ส้มแมนดาริน # 30'),
(22, '0202004552', 'ส้มแมนดาริน # 36'),
(23, '0202004558', 'ส้มแมนดาริน # 56'),
(24, '0201004537', 'ส้มสายน้ำผึ้ง # 6, 7'),
(25, '0202004835', 'สาลี่ทอง # 16'),
(26, '0202004810', 'สาลี่ทอง # 20'),
(27, '0202004836', 'สาลี่ทอง#18'),
(28, '0202004818', 'สาลี่น้ำผึ้ง # 27'),
(29, '0202004819', 'สาลี่น้ำผึ้ง # 36'),
(30, '0202004822', 'สาลี่หอม'),
(31, '0202004826', 'สาลี่หิมะ # 16'),
(32, '0202004827', 'สาลี่หิมะ # 18'),
(33, '0202004828', 'สาลี่หิมะ # 20'),
(34, '0202004832', 'สาลี่หิมะ # 6'),
(35, '0202004843', 'สาลี่หิมะ # 7'),
(36, '0202005003', 'องุ่นเขียวไร้เมล็ด'),
(37, '0202005003', 'องุ่นเขียวไร้เมล็ด'),
(38, '0202005025', 'องุ่นดำไร้เมล็ด (เล็บมือนาง)'),
(39, '0202005025', 'องุ่นดำไร้เมล็ด (เล็บมือนาง)'),
(40, '0202005014', 'องุ่นแดงมีเมล็ด'),
(41, '0202005014', 'องุ่นแดงมีเมล็ด'),
(42, '0202005017', 'องุ่นแดงไร้เมล็ด'),
(43, '0202005017', 'องุ่นแดงไร้เมล็ด'),
(44, '0202005101', 'อโวคาโด # 28'),
(45, '0202005101', 'อโวคาโด # 28'),
(46, '0202005102', 'อโวคาโด # 30'),
(47, '0202005105', 'อโวคาโด # 60'),
(48, '0202005201', 'อินทผาลัมสด'),
(49, '0202005201', 'อินทผาลัมสด'),
(50, '0202005501', 'แอปเปิ้ลกาล่า # 100'),
(51, '0202005503', 'แอปเปิ้ลกาล่า # 120'),
(52, '0202005511', 'แอปเปิ้ลกาล่า #113'),
(53, '0202005504', 'แอปเปิ้ลกาล่า # 135'),
(54, '0202005601', 'แอปเปิ้ลเขียว # 120'),
(55, '0202005613', 'แอปเปิ้ลเขียว #113'),
(56, '0202005810', 'แอปเปิ้ลควีน # 35'),
(57, '0202006102', 'แอปเปิ้ลแดง # 113'),
(58, '0202006103', 'แอปเปิ้ลแดง # 125'),
(59, '0202006127', 'แอปเปิ้ลแดงยักษ์ # 6'),
(60, '0202006127', 'แอปเปิ้ลแดงยักษ์ # 6'),
(61, '0202013001', 'แอปเปิ้ลบรีซ # 35'),
(62, '0202006620', 'แอปเปิ้ลแปซิฟิคโรส # 30'),
(63, '0202006904', 'แอปเปิ้ลพิ้งเลดี้ # 120'),
(64, '0202006962', 'แอปเปิ้ลฟูจิพิ้งเลดี้ # 125'),
(65, '0202006898', 'แอปเปิ้ลฟูจิ # 70 (Envy)'),
(66, '0202006952', 'แอปเปิ้ลฟูจิ # 28 (Envy)'),
(67, '0202006959', 'แอปเปิ้ลฟูจิ # 32 (Envy)'),
(68, '0202006943', 'แอปเปิ้ลฟูจิ # 35 (Envy)'),
(69, '0202006817', 'แอปเปิ้ลฟูจิ # 88'),
(70, '0202006817', 'แอปเปิ้ลฟูจิ # 88'),
(71, '0202006818', 'แอปเปิ้ลฟูจิ  # 32'),
(72, '0202006844', 'แอปเปิ้ลฟูจิแจ๊ส #  120'),
(73, '0202006844', 'แอปเปิ้ลฟูจิแจ๊ส #  120'),
(74, '0202006889', 'แอปเปิ้ลฟูจิน้ำผึ้ง # 113'),
(75, '0202006889', 'แอปเปิ้ลฟูจิน้ำผึ้ง # 113'),
(76, '0202006891', 'แอปเปิ้ลฟูจิน้ำผึ้ง # 80'),
(77, '0202006891', 'แอปเปิ้ลฟูจิน้ำผึ้ง # 80'),
(78, '0202006891', 'แอปเปิ้ลฟูจิน้ำผึ้ง # 80'),
(79, '0202006958', 'แอปเปิ้ลฟูจิน้ำผึ้ง # 32'),
(80, '202006889', 'แอปเปิ้ลฟูจิน้ำผึ้ง # 113'),
(81, '202006891', 'แอปเปิ้ลฟูจิน้ำผึ้ง # 80'),
(82, '202006891', 'แอปเปิ้ลฟูจิน้ำผึ้ง # 80'),
(83, '202006891', 'แอปเปิ้ลฟูจิน้ำผึ้ง # 80'),
(84, '202006958', 'แอปเปิ้ลฟูจิน้ำผึ้ง # 32');

-- --------------------------------------------------------

--
-- Table structure for table `type_and_code`
--

CREATE TABLE `type_and_code` (
  `id` int(100) NOT NULL,
  `baecode` varchar(250) NOT NULL,
  `type` varchar(250) NOT NULL
) ENGINE=InnoDB DEFAULT CHARSET=utf8;

--
-- Dumping data for table `type_and_code`
--

INSERT INTO `type_and_code` (`id`, `baecode`, `type`) VALUES
(2, '0201000205', 'หวี'),
(3, '0201000210', 'ลูก'),
(4, '0201000211', 'หวี'),
(5, '0201000215', 'หวี'),
(6, '0201000220', 'กิโลกรัม'),
(7, '0201000221', 'กิโลกรัม'),
(8, '0201000228', 'ลูก'),
(9, '0201000232', 'กิโลกรัม'),
(10, '0201000233', 'กิโลกรัม'),
(11, '0201000236', 'ลูก'),
(12, '0201000237', 'หวี'),
(13, '0201000238', 'หวี'),
(14, '0201000502', 'กิโลกรัม'),
(15, '0201000505', 'กิโลกรัม'),
(16, '020100050510', 'กล่องx10'),
(17, '0201000701', 'กิโลกรัม'),
(18, '0201000702', 'กิโลกรัม'),
(19, '0201000704', 'กิโลกรัม'),
(20, '0201000801', 'กิโลกรัม'),
(21, '0201000802', 'กิโลกรัม'),
(22, '0201000901', 'กิโลกรัม'),
(23, '0201000902', 'กิโลกรัม'),
(24, '0201000905', 'กิโลกรัม'),
(25, '0201000906', 'กิโลกรัม'),
(26, '0201001101', 'กิโลกรัม'),
(27, '0201001102', 'กิโลกรัม'),
(28, '0201001203', 'กิโลกรัม'),
(29, '0201001205', 'กิโลกรัม'),
(30, '0201001206', 'กิโลกรัม'),
(31, '0201001211', 'กิโลกรัม'),
(32, '0201001212', 'กิโลกรัม'),
(33, '0201001213', 'กิโลกรัม'),
(34, '0201001213', 'กิโลกรัม'),
(35, '0201001214', 'กิโลกรัม'),
(36, '0201001403', 'กิโลกรัม'),
(37, '0201001802', 'กิโลกรัม'),
(38, '0201001803', 'กิโลกรัม'),
(39, '0201002105', 'กิโลกรัม'),
(40, '0201002401', 'ลูก'),
(41, '0201002502', 'กิโลกรัม'),
(42, '0201002701', 'กิโลกรัม'),
(43, '0201002704', 'กิโลกรัม'),
(44, '0201002712', 'กิโลกรัม'),
(45, '0201002713', 'กิโลกรัม'),
(46, '0201002714', 'กิโลกรัม'),
(47, '0201002715', 'กิโลกรัม'),
(48, '0201002716', 'กิโลกรัม'),
(49, '0201002901', 'กิโลกรัม'),
(50, '0201002905', 'กิโลกรัม'),
(51, '0201003001', 'กิโลกรัม'),
(52, '0201003005', 'กิโลกรัม'),
(53, '0201003007', 'กิโลกรัม'),
(54, '0201003008', 'กิโลกรัม'),
(55, '0201003101', 'กิโลกรัม'),
(56, '0201003103', 'กิโลกรัม'),
(57, '0201003105', 'กิโลกรัม'),
(58, '0201003301', 'กิโลกรัม'),
(59, '0201003304', 'กิโลกรัม'),
(60, '0201003305', 'กิโลกรัม'),
(61, '020100340313', 'กล่องx1.3'),
(62, '020100340315', 'กล่องx1.5'),
(63, '0201004535', 'กิโลกรัม'),
(64, '0201004537', 'กิโลกรัม'),
(65, '0201004547', 'กิโลกรัม'),
(66, '0201004549', 'กิโลกรัม'),
(67, '0201004550', 'ลูก'),
(68, '0201004552', 'ลูก'),
(69, '0201004554', 'กิโลกรัม'),
(70, '0201004604', 'กิโลกรัม'),
(71, '0201004703', 'กิโลกรัม'),
(72, '0201004704', 'กิโลกรัม'),
(73, '020100470416', 'กล่องx16'),
(74, '02010047048', 'กล่องx8'),
(75, '0201004705', 'กิโลกรัม'),
(76, '0201004706', 'กิโลกรัม'),
(77, '0201004707', 'กิโลกรัม'),
(78, '0201004708', 'ลูก'),
(79, '0201004709', 'กิโลกรัม'),
(80, '0201004901', 'กิโลกรัม'),
(81, '0201005004', 'แพ็ค'),
(82, '0201005005', 'กิโลกรัม'),
(83, '0201005006', 'แพ็ค'),
(84, '0201007103', 'กิโลกรัม'),
(85, '0201007201', 'กิโลกรัม'),
(86, '0201014405', 'กิโลกรัม'),
(87, '02010144212', 'กล่องx2'),
(88, '0201014901', 'กิโลกรัม'),
(89, '0201015106', 'กิโลกรัม'),
(90, '0201017001', 'กิโลกรัม'),
(91, '0201080101', 'กิโลกรัม'),
(92, '0201080201', 'กิโลกรัม'),
(93, '0201080202', 'แพ็ค'),
(94, '0201080301', 'กิโลกรัม'),
(95, '0201080302', 'กิโลกรัม'),
(96, '0201080303', 'กิโลกรัม'),
(97, '0201080303', 'กิโลกรัม'),
(98, '0201080401', 'กิโลกรัม'),
(99, '0201080402', 'กิโลกรัม'),
(100, '0201080403', 'กิโลกรัม'),
(101, '0201080404', 'กิโลกรัม'),
(102, '0201080405', 'กิโลกรัม'),
(103, '0201080406', 'กิโลกรัม'),
(104, '0201080406', 'กิโลกรัม'),
(105, '0201080407', 'กิโลกรัม'),
(106, '0201080408', 'กิโลกรัม'),
(107, '0201080501', 'กิโลกรัม'),
(108, '0201080601', 'กิโลกรัม'),
(109, '0201080602', 'กิโลกรัม'),
(110, '0201080603', 'กิโลกรัม'),
(111, '0201080604', 'กิโลกรัม'),
(112, '0201080605', 'กิโลกรัม'),
(113, '0201080701', 'กิโลกรัม'),
(114, '0201080801', 'กิโลกรัม'),
(115, '0201080802', 'กิโลกรัม'),
(116, '0201080901', 'กิโลกรัม'),
(117, '0201081001', 'แพ็ค'),
(118, '0201081002', 'แพ็ค'),
(119, '0201081003', 'แพ็ค'),
(120, '0201081004', 'แพ็ค'),
(121, '0201081004', 'แพ็ค'),
(122, '0201081101', 'แพ็ค'),
(123, '0201081102', 'กิโลกรัม'),
(124, '0201081201', 'หวี'),
(125, '0201081201', 'หวี'),
(126, '0201081202', 'หวี'),
(127, '0201081202', 'หวี'),
(128, '0201081301', 'กิโลกรัม'),
(129, '0201081301', 'กิโลกรัม'),
(130, '0201081401', 'ลูก'),
(131, '0201081402', 'ลูก'),
(132, '0201081501', 'กิโลกรัม'),
(133, '0201081501', 'กิโลกรัม'),
(134, '0201081502', 'กิโลกรัม'),
(135, '0201081502', 'กิโลกรัม'),
(136, '0201081601', 'กิโลกรัม'),
(137, '0201081601', 'กิโลกรัม'),
(138, '0201081701', 'กิโลกรัม'),
(139, '0201081701', 'กิโลกรัม'),
(140, '0201081702', 'กิโลกรัม'),
(141, '0201081702', 'กิโลกรัม'),
(142, '0201081801', 'ลูก'),
(143, '0201081801', 'ลูก'),
(144, '0201081802', 'ลูก'),
(145, '0201081901', 'กิโลกรัม'),
(146, '0201081902', 'กิโลกรัม'),
(147, '0201082001', 'ลูก'),
(148, '0201082002', 'ลูก'),
(149, '0201082101', 'กิโลกรัม'),
(150, '0201082201', 'กิโลกรัม'),
(151, '0201082301', 'แพ็ค'),
(152, '0201082302', 'ลูก'),
(153, '0201082401', 'กล่อง'),
(154, '0201082501', 'กล่อง'),
(155, '0201082601', 'กิโลกรัม'),
(156, '0201082701', 'กิโลกรัม'),
(157, '0201082702', 'กิโลกรัม'),
(158, '0201082801', 'กิโลกรัม'),
(159, '0201082901', 'แพ็ค'),
(160, '0201082902', 'แพ็ค'),
(161, '0201082903', 'แพ็ค'),
(162, '0201082904', 'แพ็ค'),
(163, '0201083001', 'กิโลกรัม'),
(164, '0201083101', 'แพ็ค'),
(165, '0201083102', 'แพ็ค'),
(166, '0201083103', 'แพ็ค'),
(167, '0201083201', 'กิโลกรัม'),
(168, '0201083301', 'กิโลกรัม'),
(169, '0201083401', 'แพ็ค'),
(170, '0201083501', 'กิโลกรัม'),
(171, '0201083601', 'ถุง'),
(172, '0201083701', 'กรัม'),
(173, '0201083801', 'กรัม'),
(174, '0201083901', 'แพ็ค'),
(175, '0201090101', 'กิโลกรัม'),
(176, '0201090201', 'กิโลกรัม'),
(177, '0201090202', 'กิโลกรัม'),
(178, '0201090301', 'แพ็ค'),
(179, '0201090401', 'ฝัก'),
(180, '0201090402', 'แพ็ค'),
(181, '0201090501', 'ลูก'),
(182, '0201090601', 'แพ็ค'),
(183, '0201090701', 'กิโลกรัม'),
(184, '0201090801', 'แพ็ค'),
(185, '0201090802', 'แพ็ค'),
(186, '0201090803', 'แพ็ค'),
(187, '0201090804', 'แพ็ค'),
(188, '0201090805', 'แพ็ค'),
(189, '0201090806', 'แพ็ค'),
(190, '0201090807', 'แพ็ค'),
(191, '0201090808', 'แพ็ค'),
(192, '0201090901', 'กิโลกรัม'),
(193, '0201091001', 'แพ็ค'),
(194, '0201091101', 'กิโลกรัม'),
(195, '0201091201', 'กิโลกรัม'),
(196, '0201091202', 'แพ็ค'),
(197, '0201091203', 'กิโลกรัม'),
(198, '0201091301', 'กิโลกรัม'),
(199, '0201091401', 'กิโลกรัม'),
(200, '0201091501', 'กิโลกรัม'),
(201, '0201091601', 'กิโลกรัม'),
(202, '0201091701', 'ลูก'),
(203, '0201091801', 'หวี'),
(204, '0201091901', 'กิโลกรัม'),
(205, '0201092001', 'กิโลกรัม'),
(206, '0201092101', 'กิโลกรัม'),
(207, '0201092201', 'แพ็ค'),
(208, '0201092301', 'กิโลกรัม'),
(209, '0201092302', 'ลูก'),
(210, '0201092401', 'แพ็ค'),
(211, '0201092402', 'ลูก'),
(212, '0201092403', 'แพ็ค'),
(213, '0201092501', 'กิโลกรัม'),
(214, '0201092601', 'กิโลกรัม'),
(215, '020200030792', 'กล่องx92'),
(216, '020200031477', 'กล่องx77'),
(217, '020200031952', 'กล่องx52'),
(218, '020200032348', 'กล่องx48'),
(219, '020200032585', 'กล่องx85'),
(220, '020200033065', 'กล่องx65'),
(221, '020200033648', 'กล่องx44'),
(222, '020200033878', 'กล่องx78'),
(223, '020200034272', 'กล่องx72'),
(224, '020200034990', 'กล่องx90'),
(225, '020200035490', 'กล่องx90'),
(226, '202000355100', 'กล่องx100'),
(227, '202000356102', 'กล่องx102'),
(228, '020200035775', 'กล่องx75'),
(229, '020200035875', 'กล่องx75'),
(230, '020200035875', 'กล่องx75'),
(231, '020200035940', 'กล่องx40'),
(232, '202000360100', 'กล่องx100'),
(233, '202000361100', 'กล่องx100'),
(234, '020200036277', 'กล่องx77'),
(235, '020200036341', 'กล่องx41'),
(236, '020200036470', 'กล่องx70'),
(237, '020200036580', 'กล่องx80'),
(238, '020200040114', 'กล่องx14'),
(239, '02020010015', 'กล่องx5'),
(240, '02020010075', 'กล่องx5'),
(241, '02020010085', 'กล่องx5'),
(242, '02020010105', 'กล่องx5'),
(243, '02020010185', 'กล่องx5'),
(244, '02020010189', 'กล่องx9'),
(245, '02020010192', 'กล่องx2'),
(246, '02020010212', 'กล่องx2'),
(247, '02020010214', 'กล่องx4'),
(248, '020200102145', 'กล่องx4.5'),
(249, '02020010235', 'กล่องx5'),
(250, '02020010239', 'กล่องx9'),
(251, '02020010254', 'กล่องx4'),
(252, '020200102545', 'กล่องx4.5'),
(253, '02020010255', 'กล่องx5'),
(254, '02020010264', 'กล่องx4'),
(255, '020200102645', 'กล่องx4.5'),
(256, '02020010265', 'กล่องx5'),
(257, '02020010295', 'กล่องx5'),
(258, '02020010305', 'กล่องx5'),
(259, '02020010315', 'กล่องx5'),
(260, '02020010345', 'กล่องx5'),
(261, '02020010352', 'กล่องx2'),
(262, '020200120910', 'กล่องx10'),
(263, '02020012097', 'กล่องx7'),
(264, '02020012098', 'กล่องx8'),
(265, '02020012099', 'กล่องx9'),
(266, '02020013243', 'กล่องx3'),
(267, '02020013244', 'กล่องx4'),
(268, '02020013248', 'กล่องx8'),
(269, '02020013333', 'กล่องx3'),
(270, '02020013333', 'กล่องx3'),
(271, '02020013343', 'กล่องx3'),
(272, '02020013353', 'กล่องx3'),
(273, '020200133535', 'กล่องx3.5'),
(274, '02020013354', 'กล่องx4'),
(275, '02020013357', 'กล่องx7'),
(276, '02020013387', 'กล่องx7'),
(277, '02020013394', 'กล่องx4'),
(278, '02020013403', 'กล่องx3'),
(279, '02020013413', 'กล่องx3'),
(280, '02020013418', 'กล่องx8'),
(281, '02020013426', 'กล่องx6'),
(282, '020200160110', 'กล่องx10'),
(283, '020200170112', 'กล่องx12'),
(284, '020200170512', 'กล่องx12'),
(285, '020200170612', 'กล่องx12'),
(286, '020200170812', 'กล่องx12'),
(287, '020200171312', 'กล่องx12'),
(288, '020200171512', 'กล่องx12'),
(289, '020200171612', 'กล่องx12'),
(290, '020200171812', 'กล่องx12'),
(291, '020200171912', 'กล่องx12'),
(292, '020200172012', 'กล่องx12'),
(293, '02020017218', 'กล่องx8'),
(294, '020200200148', 'กล่องx4.8'),
(295, '020200200312', 'กล่องx12'),
(296, '02020020033', 'กล่องx3'),
(297, '020200200335', 'กล่องx3.5'),
(298, '02020020034', 'กล่องx4'),
(299, '020200200342', 'กล่องx4.2'),
(300, '020200200345', 'กล่องx4.5'),
(301, '020200200355', 'กล่องx5.5'),
(302, '020200360112', 'กล่องx12'),
(303, '202003601125', 'กล่องx12.5'),
(304, '020200370112', 'กล่องx12'),
(305, '020200370216', 'กล่องx16'),
(306, '020200370318', 'กล่องx18'),
(307, '020200370738', 'กล่องx38'),
(308, '020200370812', 'กล่องx12'),
(309, '020200370836', 'กล่องx36'),
(310, '020200370845', 'กล่องx45'),
(311, '020200371228', 'กล่องx28'),
(312, '020200371714', 'กล่องx14'),
(313, '020200371816', 'กล่องx16'),
(314, '020200372514', 'กล่องx14'),
(315, '020200372724', 'กล่องx24'),
(316, '020200372918', 'กล่องx18'),
(317, '020200373815', 'กล่องx15'),
(318, '020200373912', 'กล่องx12'),
(319, '020200373932', 'กล่องx32'),
(320, '02020037406', 'กล่องx6'),
(321, '020200374114', 'กล่องx14'),
(322, '02020037426', 'กล่องx6'),
(323, '020200374316', 'กล่องx16'),
(324, '020200374439', 'กล่องx39'),
(325, '020200374548', 'กล่องx48'),
(326, '020200374612', 'กล่องx12'),
(327, '020200374732', 'กล่องx32'),
(328, '02020040006', 'กล่องx6'),
(329, '02020040044', 'กล่องx4'),
(330, '020200400714', 'กล่องx14'),
(331, '020200400916', 'กล่องx16'),
(332, '020200401118', 'กล่องx18'),
(333, '02020040246', 'กล่องx6'),
(334, '020200403114', 'กล่องx14'),
(335, '020200404037', 'กล่องx3.7'),
(336, '02020040415', 'กล่องx5'),
(337, '02020040424', 'กล่องx4'),
(338, '020200404510', 'กล่องx10'),
(339, '02020040476', 'กล่องx6'),
(340, '02020040488', 'กล่องx8'),
(341, '020200410413', 'กล่องx13'),
(342, '020200410520', 'กล่องx20'),
(343, '020200410520', 'กล่องx70'),
(344, '020200410913', 'กล่องx13'),
(345, '020200411012', 'กล่องx12'),
(346, '020200411319', 'กล่องx19'),
(347, '020200411319', 'กล่องx80'),
(348, '02020042014', 'กล่องx4'),
(349, '02020042024', 'กล่องx4'),
(350, '02020042034', 'กล่องx4'),
(351, '02020042035', 'กล่องx5'),
(352, '020200440212', 'กล่องx12'),
(353, '02020044034', 'กล่องx4'),
(354, '02020044048', 'กล่องx8'),
(355, '02020044078', 'กล่องx8'),
(356, '020200440815', 'กล่องx15'),
(357, '02020044094', 'กล่องx4'),
(358, '02020044104', 'กล่องx4'),
(359, '020200441112', 'กล่องx12'),
(360, '02020044128', 'กล่องx8'),
(361, '020200441512', 'กล่องx12'),
(362, '02020045084', 'กล่องx4'),
(363, '020200450913', 'กล่องx13'),
(364, '020200451514', 'กล่องx14'),
(365, '020200451517', 'กล่องx17'),
(366, '020200451518', 'กล่องx18'),
(367, '0202004516135', 'กล่องx13.5'),
(368, '020200451614', 'กล่องx14'),
(369, '0202004516145', 'กล่องx14.5'),
(370, '020200451615', 'กล่องx15'),
(371, '020200451617', 'กล่องx17'),
(372, '020200451618', 'กล่องx18'),
(373, '0202004516500', 'กล่องx16'),
(374, '020200451815', 'กล่องx15'),
(375, '020200451817', 'กล่องx17'),
(376, '020200451818', 'กล่องx18'),
(377, '020200451914', 'กล่องx14'),
(378, '020200451915', 'กล่องx15'),
(379, '020200451917', 'กล่องx17'),
(380, '020200451918', 'กล่องx18'),
(381, '020200452114', 'กล่องx14'),
(382, '020200452317', 'กล่องx17'),
(383, '0202004527155', 'กล่องx5.5'),
(384, '02020045275', 'กล่องx5'),
(385, '02020045276', 'กล่องx6'),
(386, '02020045277', 'กล่องx7'),
(387, '020200452785', 'กล่องx8.5'),
(388, '02020045279', 'กล่องx9'),
(389, '0202004530175', 'กล่องx17.5'),
(390, '020200453018', 'กล่องx18'),
(391, '02020045309', 'กล่องx9'),
(392, '020200453110', 'กล่องx10'),
(393, '020200453117', 'กล่องx17'),
(394, '020200453118', 'กล่องx18'),
(395, '02020045315', 'กล่องx5'),
(396, '020200453195', 'กล่องx9.5'),
(397, '020200453245', 'กล่องx4.5'),
(398, '02020045326', 'กล่องx6'),
(399, '02020045329', 'กล่องx9'),
(400, '02020045349', 'กล่องx9'),
(401, '020200453510', 'กล่องx10'),
(402, '02020045356', 'กล่องx6'),
(403, '02020045359', 'กล่องx9'),
(404, '02020045428', 'กล่องx8'),
(405, '02020045429', 'กล่องx9'),
(406, '02020045442', 'กล่องx2'),
(407, '02020045505', 'กล่องx5'),
(408, '02020045506', 'กล่องx6'),
(409, '02020045509', 'กล่องx9'),
(410, '020200455255', 'กล่องx5.5'),
(411, '02020045526', 'กล่องx6'),
(412, '02020045529', 'กล่องx9'),
(413, '02020045529', 'กล่องx9'),
(414, '02020045569', 'กล่องx9'),
(415, '020200455885', 'กล่องx8.5'),
(416, '02020045589', 'กล่องx9'),
(417, '02020045598', 'กล่องx8'),
(418, '020200455985', 'กล่องx8.5'),
(419, '02020045626', 'กล่องx6'),
(420, '020200456314', 'กล่องx14'),
(421, '02020045646', 'กล่องx6'),
(422, '020200456514', 'กล่องx14'),
(423, '020200456745', 'กล่องx4.5'),
(424, '02020045675', 'กล่องx5'),
(425, '02020045676', 'กล่องx6'),
(426, '020200456845', 'กล่องx4.5'),
(427, '02020045689', 'กล่องx9'),
(428, '02020045695', 'กล่องx5'),
(429, '02020045706', 'กล่องx6'),
(430, '020200457145', 'กล่องx4.5'),
(431, '020200457265', 'กล่องx6.5'),
(432, '02020045727', 'กล่องx7'),
(433, '02020045739', 'กล่องx9'),
(434, '020200457410', 'กล่องx10'),
(435, '020200457485', 'กล่องx8.5'),
(436, '02020045749', 'กล่องx9'),
(437, '02020045759', 'กล่องx9'),
(438, '020200460510', 'กล่องx10'),
(439, '020200460585', 'กล่องx8.5'),
(440, '02020046059', 'กล่องx9'),
(441, '020200481020', 'กล่องx20'),
(442, '020200481432', 'กล่องx32'),
(443, '02020048166', 'กล่องx6'),
(444, '020200481810', 'กล่องx10'),
(445, '020200481910', 'กล่องx10'),
(446, '02020048223', 'กล่องx3'),
(447, '02020048226', 'กล่องx6'),
(448, '020200482265', 'กล่องx6.5'),
(449, '020200482270', 'กล่องx7'),
(450, '020200482314', 'กล่องx14'),
(451, '020200482514', 'กล่องx14'),
(452, '020200482616', 'กล่องx16'),
(453, '020200482718', 'กล่องx18'),
(454, '020200482820', 'กล่องx20'),
(455, '02020048326', 'กล่องx6'),
(456, '02020048337', 'กล่องx7'),
(457, '020200483516', 'กล่องx16'),
(458, '020200483516', 'กล่องx16'),
(459, '020200483618', 'กล่องx18'),
(460, '02020048428', 'กล่องx8'),
(461, '02020048437', 'กล่องx7'),
(462, '02020048515', 'กล่องx5'),
(463, '02020048527', 'กล่องx7'),
(464, '02020048544', 'กล่องx4'),
(465, '020200485510', 'กล่องx10'),
(466, '02020048585', 'กล่องx5'),
(467, '020200487010', 'กล่องx10'),
(468, '02020049018', 'กล่องx8'),
(469, '02020049039', 'กล่องx9'),
(470, '02020049067', 'กล่องx7'),
(471, '02020049086', 'กล่องx6'),
(472, '020200497076', 'กล่องx6'),
(473, '0202005003', 'กิโลกรัม'),
(474, '020200500310', 'กล่องx10'),
(475, '02020050038', 'กล่องx8'),
(476, '020200500385', 'กล่องx8.5'),
(477, '02020050039', 'กล่องx9'),
(478, '02020050108', 'กล่องx8'),
(479, '020200501082', 'กล่องx8.2'),
(480, '020200501085', 'กล่องx8.5'),
(481, '02020050109', 'กล่องx9'),
(482, '020200501095', 'กล่องx9.5'),
(483, '020200501245', 'กล่องx4.5'),
(484, '020200501410', 'กล่องx10'),
(485, '02020050148', 'กล่องx8'),
(486, '02020050149', 'กล่องx9'),
(487, '020200501495', 'กล่องx9.5'),
(488, '020200501710', 'กล่องx10'),
(489, '02020050176', 'กล่องx6'),
(490, '020200501775', 'กล่องx7.5'),
(491, '02020050178', 'กล่องx8'),
(492, '020200501785', 'กล่องx8.5'),
(493, '02020050179', 'กล่องx9'),
(494, '02020050208', 'กล่องx8'),
(495, '020200502085', 'กล่องx8.5'),
(496, '02020050209', 'กล่องx9'),
(497, '02020050224', 'กล่องx4'),
(498, '02020050225', 'กล่องx5'),
(499, '02020050254', 'กล่องx4'),
(500, '020200502545', 'กล่องx4.5'),
(501, '020200502575', 'กล่องx7.5'),
(502, '02020050258', 'กล่องx8'),
(503, '020200502585', 'กล่องx8.5'),
(504, '02020050259', 'กล่องx9'),
(505, '02020050404', 'กล่องx4'),
(506, '02020050405', 'กล่องx5'),
(507, '02020050451', 'กล่องx1'),
(508, '02020050452', 'กล่องx2'),
(509, '02020050453', 'กล่องx3'),
(510, '020200504535', 'กล่องx3.5'),
(511, '02020050454', 'กล่องx4'),
(512, '02020050455', 'กล่องx5'),
(513, '02020050458', 'กล่องx8'),
(514, '020200510128', 'กล่องx28'),
(515, '0202005102', 'ลูก'),
(516, '020200510325', 'กล่องx25'),
(517, '020200510560', 'กล่องx60'),
(518, '020200511324', 'กล่องx24'),
(519, '020200512270', 'กล่องx70'),
(520, '020200512354', 'กล่องx54'),
(521, '0202005124', 'กิโลกรัม'),
(522, '02020052011', 'กล่องx1'),
(523, '02020052014', 'กล่องx4'),
(524, '020200520145', 'กล่องx4.5'),
(525, '02020052015', 'กล่องx5'),
(526, '202005501100', 'กล่องx100'),
(527, '202005502112', 'กล่องx112'),
(528, '202005503120', 'กล่องx120'),
(529, '202005504135', 'กล่องx135'),
(530, '202005505138', 'กล่องx138'),
(531, '202005506150', 'กล่องx150'),
(532, '202005507163', 'กล่องx163'),
(533, '202005510110', 'กล่องx110'),
(534, '202005511113', 'กล่องx113'),
(535, '202005512125', 'กล่องx125'),
(536, '202005526216', 'กล่องx 216'),
(537, '202005601120', 'กล่องx120'),
(538, '202005611110', 'กล่องx110'),
(539, '202005612112', 'กล่องx112'),
(540, '202005613113', 'กล่องx113'),
(541, '202005617125', 'กล่องx125'),
(542, '202005620135', 'กล่องx135'),
(543, '020200570144', 'กล่องx44'),
(544, '020200570288', 'กล่องx80'),
(545, '020200570388', 'กล่องx88'),
(546, '020200580970', 'กล่องx70'),
(547, '020200581035', 'กล่องx35'),
(548, '020200581130', 'กล่องx30'),
(549, '02020059054', 'กล่องx4'),
(550, '202006102113', 'กล่องx113'),
(551, '202006103125', 'กล่องx125'),
(552, '020200610664', 'กล่องx64'),
(553, '020200610880', 'กล่องx80'),
(554, '020200611016', 'กล่องx16'),
(555, '020200611118', 'กล่องx18'),
(556, '020200611220', 'กล่องx20'),
(557, '020200611424', 'กล่องx24'),
(558, '02020061208', 'กล่องx8'),
(559, '020200612336', 'กล่องx36'),
(560, '202006126100', 'กล่องx100'),
(561, '02020061276', 'กล่องx6'),
(562, '02020061287', 'กล่องx7'),
(563, '020200620532', 'กล่องx32'),
(564, '020200650124', 'กล่องx24'),
(565, '020200650226', 'กล่องx26'),
(566, '0202006505', 'ลูก'),
(567, '020200650522', 'กล่องx22'),
(568, '020200661024', 'กล่องx24'),
(569, '020200661128', 'กล่องx28'),
(570, '020200662030', 'กล่องx30'),
(571, '020200662635', 'กล่องx35'),
(572, '202006800340', 'กล่องx40'),
(573, '020200681028', 'กล่องx28'),
(574, '020200681580', 'กล่องx80'),
(575, '020200681788', 'กล่องx88'),
(576, '020200681832', 'กล่องx32'),
(577, '202006844120', 'กล่องx120'),
(578, '202006889113', 'กล่องx113'),
(579, '020200689180', 'กล่องx80'),
(580, '020200689870', 'กล่องx70'),
(581, '020200690032', 'กล่องx30'),
(582, '020200690224', 'กล่องx24'),
(583, '202006904120', 'กล่องx120'),
(584, '020200691935', 'กล่องx35'),
(585, '020200692128', 'กล่องx28'),
(586, '020200694335', 'กล่องx35'),
(587, '020200694480', 'กล่องx80'),
(588, '020200694724', 'กล่องx24'),
(589, '020200695228', 'กล่องx28'),
(590, '020200695832', 'กล่องx32'),
(591, '020200695932', 'กล่องx32'),
(592, '020200696088', 'กล่องx88'),
(593, '020200696128', 'กล่องx28'),
(594, '202006962125', 'กล่องx125'),
(595, '202006963110', 'กล่องx110'),
(596, '202006964135', 'กล่องx135'),
(597, '02020069659', 'กล่อง'),
(598, '020200700126', 'กล่องx26'),
(599, '020200700228', 'กล่องx28'),
(600, '020200700332', 'กล่องx32'),
(601, '020200700524', 'กล่องx24'),
(602, '020200800112', 'กล่องx12'),
(603, '020200801030', 'กล่องx30'),
(604, '020200801235', 'กล่องx35'),
(605, '02020100185', 'กล่องx5'),
(606, '02020110005', 'กล่องx5'),
(607, '020201300135', 'กล่องx35'),
(608, '020201401275', 'กล่องx75'),
(609, '020201401326', 'กล่องx26'),
(610, '020202460230', 'กล่องx30'),
(611, '02030040588', 'กล่องx8'),
(612, '020300406015', 'กล่องx15'),
(613, '02030044272', 'แพ็คx2'),
(614, '02030044322', 'กล่องx2'),
(615, '02030044342', 'กล่องx2'),
(616, '02030044412', 'กล่องx2'),
(617, '02030044452', 'กล่องx2'),
(618, '02030044462', 'กล่องx2'),
(619, '0205010101', 'แพ็ค'),
(620, '0205050203', 'ลูก'),
(621, '0205050204', 'ลูก'),
(622, '0205051101', 'กิโลกรัม'),
(623, '0205051102', 'ลูก'),
(624, '0205053201', 'กิโลกรัม'),
(625, '0205053203', 'กิโลกรัม'),
(626, '0205053801', 'กิโลกรัม'),
(627, '0205053901', 'กิโลกรัม'),
(628, '0205053902', 'กิโลกรัม'),
(629, '0205054101', 'กิโลกรัม'),
(630, '0205054201', 'กิโลกรัม'),
(631, '0205054402', 'แพ็ค'),
(632, '0205054402', 'แพ็ค'),
(633, '0205054403', 'แพ็ค'),
(634, '0205054403', 'แพ็ค'),
(635, '0205054404', 'กิโลกรัม'),
(636, '0206010201', 'กิโลกรัม'),
(637, '0206010202', 'กิโลกรัม'),
(638, '0206010301', 'กิโลกรัม'),
(639, '0206010401', 'กิโลกรัม'),
(640, '0206010402', 'กิโลกรัม'),
(641, '0206010601', 'กิโลกรัม'),
(642, '0206010701', 'กิโลกรัม'),
(643, '0206010703', 'กิโลกรัม'),
(644, '0206010705', 'กิโลกรัม'),
(645, '0206010902', 'กิโลกรัม'),
(646, '0206011201', 'ลูก'),
(647, '0206011301', 'กิโลกรัม'),
(648, '0206011401', 'กิโลกรัม'),
(649, '0206011403', 'กิโลกรัม'),
(650, '0206011404', 'กิโลกรัม'),
(651, '0206011407', 'กิโลกรัม'),
(652, '0206011408', 'กิโลกรัม'),
(653, '0206011409', 'กิโลกรัม'),
(654, '0206011602', 'กิโลกรัม'),
(655, '0206011801', 'กิโลกรัม'),
(656, '0206011802', 'กิโลกรัม'),
(657, '0206012001', 'กิโลกรัม'),
(658, '0206012201', 'กิโลกรัม'),
(659, '0206012303', 'แพ็ค'),
(660, '0206012304', 'แพ็ค'),
(661, '0206012501', 'กิโลกรัม'),
(662, '0206012502', 'กิโลกรัม'),
(663, '0206012503', 'กิโลกรัม'),
(664, '0206012504', 'กิโลกรัม'),
(665, '0206012601', 'กิโลกรัม'),
(666, '206020103102', 'กล่องx102'),
(667, '020602010485', 'กล่องx85'),
(668, '020602010572', 'กล่องx72'),
(669, '020602010675', 'กล่องx75'),
(670, '020602010783', 'กล่องx83'),
(671, '020602010877', 'กล่องx77'),
(672, '020602010992', 'กล่องx92'),
(673, '02060203013', 'กล่องx3'),
(674, '02060203014', 'กล่องx4'),
(675, '02060203017', 'กล่องx7'),
(676, '0206020602', 'กิโลกรัม'),
(677, '020602070114', 'กล่องx14'),
(678, '020602070115', 'กล่องx15'),
(679, '020602070117', 'กล่องx17'),
(680, '020602070213', 'กล่องx13'),
(681, '020602070214', 'กล่องx14'),
(682, '020602070215', 'กล่องx15'),
(683, '020602070217', 'กล่องx17'),
(684, '020602130110', 'กล่องx10'),
(685, '020602130310', 'กล่องx10'),
(686, '020602140130', 'กล่องx30'),
(687, '0206021402', 'ลูก'),
(688, '020602140228', 'กล่องx28'),
(689, '020602140360', 'กล่องx60'),
(690, '020602140470', 'กล่องx70'),
(691, '206021904120', 'กล่องx120'),
(692, '020602190535', 'กล่องx35'),
(693, '0206022001', 'ลูก'),
(694, '206022002110', 'กล่องx110'),
(695, '', 'กิโลกรัม'),
(696, '', 'กิโลกรัม'),
(697, '', 'กิโลกรัม'),
(698, '0201000201', 'หวี');

-- --------------------------------------------------------

--
-- Table structure for table `users`
--

CREATE TABLE `users` (
  `id` bigint(20) UNSIGNED NOT NULL,
  `name` varchar(191) COLLATE utf8mb4_unicode_ci NOT NULL,
  `username` varchar(191) COLLATE utf8mb4_unicode_ci NOT NULL,
  `email` varchar(191) COLLATE utf8mb4_unicode_ci NOT NULL,
  `email_verified_at` timestamp NULL DEFAULT NULL,
  `password` varchar(191) COLLATE utf8mb4_unicode_ci NOT NULL,
  `remember_token` varchar(100) COLLATE utf8mb4_unicode_ci DEFAULT NULL,
  `created_at` timestamp NULL DEFAULT NULL,
  `updated_at` timestamp NULL DEFAULT NULL
) ENGINE=InnoDB DEFAULT CHARSET=utf8mb4 COLLATE=utf8mb4_unicode_ci;

--
-- Dumping data for table `users`
--

INSERT INTO `users` (`id`, `name`, `username`, `email`, `email_verified_at`, `password`, `remember_token`, `created_at`, `updated_at`) VALUES
(1, 'admin', 'admin', 'admin1@gmail.co', NULL, '$2y$10$msktmhoMldzfdB5vkAz4meIY0KtJL3bOb.2Jiz0Uh0I.diMjMbGym', NULL, '2021-01-27 21:44:55', '2021-01-27 21:44:55');

--
-- Indexes for dumped tables
--

--
-- Indexes for table `master_products`
--
ALTER TABLE `master_products`
  ADD PRIMARY KEY (`id`);

--
-- Indexes for table `mat_group`
--
ALTER TABLE `mat_group`
  ADD PRIMARY KEY (`id_mat`);

--
-- Indexes for table `migrations`
--
ALTER TABLE `migrations`
  ADD PRIMARY KEY (`id`);

--
-- Indexes for table `orderlis`
--
ALTER TABLE `orderlis`
  ADD PRIMARY KEY (`id`);

--
-- Indexes for table `orders`
--
ALTER TABLE `orders`
  ADD PRIMARY KEY (`id`);

--
-- Indexes for table `password_resets`
--
ALTER TABLE `password_resets`
  ADD KEY `password_resets_email_index` (`email`);

--
-- Indexes for table `plu_codes`
--
ALTER TABLE `plu_codes`
  ADD PRIMARY KEY (`id_plu`);

--
-- Indexes for table `price_plu_code`
--
ALTER TABLE `price_plu_code`
  ADD PRIMARY KEY (`price_id`);

--
-- Indexes for table `pro_types`
--
ALTER TABLE `pro_types`
  ADD PRIMARY KEY (`id`);

--
-- Indexes for table `sku_codes`
--
ALTER TABLE `sku_codes`
  ADD PRIMARY KEY (`id_sku`);

--
-- Indexes for table `type_and_code`
--
ALTER TABLE `type_and_code`
  ADD PRIMARY KEY (`id`);

--
-- Indexes for table `users`
--
ALTER TABLE `users`
  ADD PRIMARY KEY (`id`),
  ADD UNIQUE KEY `users_email_unique` (`email`);

--
-- AUTO_INCREMENT for dumped tables
--

--
-- AUTO_INCREMENT for table `master_products`
--
ALTER TABLE `master_products`
  MODIFY `id` int(100) NOT NULL AUTO_INCREMENT, AUTO_INCREMENT=88;

--
-- AUTO_INCREMENT for table `mat_group`
--
ALTER TABLE `mat_group`
  MODIFY `id_mat` int(100) NOT NULL AUTO_INCREMENT, AUTO_INCREMENT=34;

--
-- AUTO_INCREMENT for table `migrations`
--
ALTER TABLE `migrations`
  MODIFY `id` int(10) UNSIGNED NOT NULL AUTO_INCREMENT, AUTO_INCREMENT=10;

--
-- AUTO_INCREMENT for table `orderlis`
--
ALTER TABLE `orderlis`
  MODIFY `id` bigint(20) UNSIGNED NOT NULL AUTO_INCREMENT;

--
-- AUTO_INCREMENT for table `orders`
--
ALTER TABLE `orders`
  MODIFY `id` int(100) NOT NULL AUTO_INCREMENT, AUTO_INCREMENT=2;

--
-- AUTO_INCREMENT for table `plu_codes`
--
ALTER TABLE `plu_codes`
  MODIFY `id_plu` int(10) NOT NULL AUTO_INCREMENT, AUTO_INCREMENT=80;

--
-- AUTO_INCREMENT for table `price_plu_code`
--
ALTER TABLE `price_plu_code`
  MODIFY `price_id` int(10) NOT NULL AUTO_INCREMENT, AUTO_INCREMENT=695;

--
-- AUTO_INCREMENT for table `pro_types`
--
ALTER TABLE `pro_types`
  MODIFY `id` bigint(20) UNSIGNED NOT NULL AUTO_INCREMENT, AUTO_INCREMENT=101;

--
-- AUTO_INCREMENT for table `sku_codes`
--
ALTER TABLE `sku_codes`
  MODIFY `id_sku` int(10) NOT NULL AUTO_INCREMENT, AUTO_INCREMENT=85;

--
-- AUTO_INCREMENT for table `type_and_code`
--
ALTER TABLE `type_and_code`
  MODIFY `id` int(100) NOT NULL AUTO_INCREMENT, AUTO_INCREMENT=699;

--
-- AUTO_INCREMENT for table `users`
--
ALTER TABLE `users`
  MODIFY `id` bigint(20) UNSIGNED NOT NULL AUTO_INCREMENT, AUTO_INCREMENT=2;
COMMIT;

/*!40101 SET CHARACTER_SET_CLIENT=@OLD_CHARACTER_SET_CLIENT */;
/*!40101 SET CHARACTER_SET_RESULTS=@OLD_CHARACTER_SET_RESULTS */;
/*!40101 SET COLLATION_CONNECTION=@OLD_COLLATION_CONNECTION */;
